<?xml version="1.0" encoding="iso-8859-1"?>
<!--
   Copyright 2009 Syed Ali Jafar Naqvi

   This file is part of Java Call Tracer.

   Java Call Tracer is free software: you can redistribute it and/or modify
   it under the terms of the Lesser GNU General Public License as published by
   the Free Software Foundation, either version 3 of the License, or
   (at your option) any later version.

   Java Call Tracer is distributed in the hope that it will be useful,
   but WITHOUT ANY WARRANTY; without even the implied warranty of
   MERCHANTABILITY or FITNESS FOR A PARTICULAR PURPOSE.  See the
   Lesser GNU General Public License for more details.

   You should have received a copy of the Lesser GNU General Public License
   along with Java Call Tracer.  If not, see <http://www.gnu.org/licenses/>.
-->
<!DOCTYPE struts-config PUBLIC
        "-//Apache Software Foundation//DTD Struts Configuration 1.3//EN"
        "http://struts.apache.org/dtds/struts-config_1_3.dtd">
<struts-config>

    <form-beans>
        <form-bean name="callTracerBean" type="com.calltracer.form.CallTracerForm">
        </form-bean>
    </form-beans>

    <global-exceptions/>

    <global-forwards/>

    <action-mappings>
        <action path="/calltracer" name="callTracerBean" type="com.calltracer.action.CallTracerAction">
            <forward name="success" path="/calltracer.jsp"/>
        </action>
    </action-mappings>
</struts-config>
