<?xml version="1.0" encoding="UTF-8"?>
<!--
   Copyright 2009 Syed Ali Jafar Naqvi

   This file is part of Java Call Tracer.

   Java Call Tracer is free software: you can redistribute it and/or modify
   it under the terms of the Lesser GNU General Public License as published by
   the Free Software Foundation, either version 3 of the License, or
   (at your option) any later version.

   Java Call Tracer is distributed in the hope that it will be useful,
   but WITHOUT ANY WARRANTY; without even the implied warranty of
   MERCHANTABILITY or FITNESS FOR A PARTICULAR PURPOSE.  See the
   Lesser GNU General Public License for more details.

   You should have received a copy of the Lesser GNU General Public License
   along with Java Call Tracer.  If not, see <http://www.gnu.org/licenses/>.
-->
<!DOCTYPE sun-web-app PUBLIC "-//Sun Microsystems, Inc.//DTD Application Server 9.0 Servlet 2.5//EN" "http://www.sun.com/software/appserver/dtds/sun-web-app_2_5-0.dtd">
<sun-web-app error-url="">
  <context-root>/CallTracer</context-root>
  <class-loader delegate="true"/>
  <jsp-config>
    <property name="keepgenerated" value="true">
      <description>Keep a copy of the generated servlet class java code.</description>
    </property>
  </jsp-config>
</sun-web-app>
